{"cameraMode":{"drawMode":0,"name":"Shaded","section":"Shading Mode"},"sceneLighting":false,"audioPlay":false,"sceneViewState":{"m_AlwaysRefresh":false,"showFog":true,"showSkybox":false,"showFlares":true,"showImageEffects":true,"showParticleSystems":true,"showVisualEffectGraphs":true,"m_FxEnabled":true},"in2DMode":false,"pivot":{"x":1.6065540313720704,"y":0.09075021743774414,"z":-0.4709111452102661},"rotation":{"x":-0.0810321792960167,"y":-0.8515043258666992,"z":0.13810427486896516,"w":-0.4993570148944855},"size":2.2972114086151125,"orthographic":false}